crossing_duration,duration_s,assumed_wall_speed_m_s,wall_thickness_m,wall_thickness_km
1_s,1.000000000e+00,3.000000000e+05,3.000000000e+05,3.000000000e+02
1_min,6.000000000e+01,3.000000000e+05,1.800000000e+07,1.800000000e+04
1_hour,3.600000000e+03,3.000000000e+05,1.080000000e+09,1.080000000e+06
1_day,8.640000000e+04,3.000000000e+05,2.592000000e+10,2.592000000e+07
