clock,frequency_hz,delta_tau_for_1_rad_s,delta_tau_for_0p01_rad_s
gps_clock_10MHz,1.000000000e+07,1.591549431e-08,1.591549431e-10
microwave_clock_9GHz,9.192631770e+09,1.731331648e-11,1.731331648e-13
optical_clock_4e14Hz,4.000000000e+14,3.978873577e-16,3.978873577e-18
optical_clock_1e15Hz,1.000000000e+15,1.591549431e-16,1.591549431e-18
rb87_compton,1.963000000e+25,8.107740351e-27,8.107740351e-29
